,Predicci√≥n,Province,Sector
2024-12-31,64.339202136098,Alberta,Commercial
2025-12-31,64.67082709931118,Alberta,Commercial
2026-12-31,64.97817067599682,Alberta,Commercial
2027-12-31,65.26326990595715,Alberta,Commercial
2028-12-31,65.5275542347048,Alberta,Commercial
2029-12-31,65.77233478675927,Alberta,Commercial
2030-12-31,66.00105246451797,Alberta,Commercial
2031-12-31,66.21378401673327,Alberta,Commercial
2032-12-31,66.41161351953222,Alberta,Commercial
2033-12-31,66.59568900633553,Alberta,Commercial
2034-12-31,66.76693785790087,Alberta,Commercial
2035-12-31,66.92623948701568,Alberta,Commercial
2036-12-31,67.07450528511423,Alberta,Commercial
2037-12-31,67.21245477174988,Alberta,Commercial
2038-12-31,67.34075949850578,Alberta,Commercial
2039-12-31,67.46014857852931,Alberta,Commercial
2040-12-31,67.57127117835086,Alberta,Commercial
2041-12-31,67.67459738407862,Alberta,Commercial
2042-12-31,67.77076996651361,Alberta,Commercial
2043-12-31,67.86023982457593,Alberta,Commercial
2044-12-31,67.94351541874995,Alberta,Commercial
2045-12-31,68.02095171201535,Alberta,Commercial
2046-12-31,68.09300599902156,Alberta,Commercial
2047-12-31,68.16005242993637,Alberta,Commercial
2048-12-31,68.22245236346879,Alberta,Commercial
2049-12-31,68.28051279462825,Alberta,Commercial
2050-12-31,68.33454711415355,Alberta,Commercial
2051-12-31,68.38475678751965,Alberta,Commercial
2024-12-31,53.37943901391706,Alberta,Industrial
2025-12-31,52.51822358269226,Alberta,Industrial
2026-12-31,51.67751628112792,Alberta,Industrial
2027-12-31,50.87473934855408,Alberta,Industrial
2028-12-31,50.12758463675128,Alberta,Industrial
2029-12-31,49.448439665593014,Alberta,Industrial
2030-12-31,48.8606903845921,Alberta,Industrial
2031-12-31,48.331786951488034,Alberta,Industrial
2032-12-31,47.85758554013909,Alberta,Industrial
2033-12-31,47.433326904679504,Alberta,Industrial
2034-12-31,47.05416388214008,Alberta,Industrial
2035-12-31,46.71530499038381,Alberta,Industrial
2036-12-31,46.41224887371497,Alberta,Industrial
2037-12-31,46.14130008321935,Alberta,Industrial
2038-12-31,45.89904450471368,Alberta,Industrial
2039-12-31,45.68246951212036,Alberta,Industrial
2040-12-31,45.488870189223825,Alberta,Industrial
2041-12-31,45.31579950997856,Alberta,Industrial
2042-12-31,45.161068338509125,Alberta,Industrial
2043-12-31,45.02274542911013,Alberta,Industrial
2044-12-31,44.899107606554324,Alberta,Industrial
2045-12-31,44.78857822412016,Alberta,Industrial
2046-12-31,44.68977405271365,Alberta,Industrial
2047-12-31,44.60145546117642,Alberta,Industrial
2048-12-31,44.522508832864986,Alberta,Industrial
2049-12-31,44.45194949622093,Alberta,Industrial
2050-12-31,44.38886604393867,Alberta,Industrial
2051-12-31,44.33250531949881,Alberta,Industrial
2024-12-31,69.75642861615555,Alberta,Residential
2025-12-31,69.8877537724136,Alberta,Residential
2026-12-31,69.99137451470017,Alberta,Residential
2027-12-31,70.07391064561845,Alberta,Residential
2028-12-31,70.14074441959265,Alberta,Residential
2029-12-31,70.19623040141212,Alberta,Residential
2030-12-31,70.25468217824401,Alberta,Residential
2031-12-31,70.30685362952929,Alberta,Residential
2032-12-31,70.35392366650078,Alberta,Residential
2033-12-31,70.39674715411003,Alberta,Residential
2034-12-31,70.43588577257793,Alberta,Residential
2035-12-31,70.4717530666825,Alberta,Residential
2036-12-31,70.50442927645526,Alberta,Residential
2037-12-31,70.53423227586737,Alberta,Residential
2038-12-31,70.56146142195965,Alberta,Residential
2039-12-31,70.58628645326039,Alberta,Residential
2040-12-31,70.60897277910469,Alberta,Residential
2041-12-31,70.62968396571075,Alberta,Residential
2042-12-31,70.64856814852143,Alberta,Residential
2043-12-31,70.66580123837515,Alberta,Residential
2044-12-31,70.68151593993946,Alberta,Residential
2045-12-31,70.69589125020782,Alberta,Residential
2046-12-31,70.70898889228145,Alberta,Residential
2047-12-31,70.7209816908437,Alberta,Residential
2048-12-31,70.73191593822042,Alberta,Residential
2049-12-31,70.74184409904768,Alberta,Residential
2050-12-31,70.7509544287841,Alberta,Residential
2051-12-31,70.7592685305151,Alberta,Residential
2024-12-31,36.107924174460436,British Columbia,Commercial
2025-12-31,36.31252367652471,British Columbia,Commercial
2026-12-31,36.48883376043823,British Columbia,Commercial
2027-12-31,36.64065416442713,British Columbia,Commercial
2028-12-31,36.76973375308952,British Columbia,Commercial
2029-12-31,36.87781395695504,British Columbia,Commercial
2030-12-31,37.000935139771,British Columbia,Commercial
2031-12-31,37.11265617864998,British Columbia,Commercial
2032-12-31,37.21536526807503,British Columbia,Commercial
2033-12-31,37.31093207625622,British Columbia,Commercial
2034-12-31,37.40097537159413,British Columbia,Commercial
2035-12-31,37.486877890816686,British Columbia,Commercial
2036-12-31,37.56701157293777,British Columbia,Commercial
2037-12-31,37.64209938111219,British Columbia,Commercial
2038-12-31,37.71264869051026,British Columbia,Commercial
2039-12-31,37.77902562900214,British Columbia,Commercial
2040-12-31,37.84141790681569,British Columbia,Commercial
2041-12-31,37.89996862976819,British Columbia,Commercial
2042-12-31,37.954986311699464,British Columbia,Commercial
2043-12-31,38.00667353097422,British Columbia,Commercial
2044-12-31,38.05522914892295,British Columbia,Commercial
2045-12-31,38.10085202687616,British Columbia,Commercial
2046-12-31,38.14371686544194,British Columbia,Commercial
2047-12-31,38.183972345988884,British Columbia,Commercial
2048-12-31,38.22180803726196,British Columbia,Commercial
2049-12-31,38.257341025838926,British Columbia,Commercial
2050-12-31,38.29073114419103,British Columbia,Commercial
2051-12-31,38.32209362037892,British Columbia,Commercial
2024-12-31,32.292492622613594,British Columbia,Industrial
2025-12-31,32.52638757082214,British Columbia,Industrial
2026-12-31,32.73567739531276,British Columbia,Industrial
2027-12-31,32.92285517487391,British Columbia,Industrial
2028-12-31,33.088848224420246,British Columbia,Industrial
2029-12-31,33.23532350290551,British Columbia,Industrial
2030-12-31,33.392687371995926,British Columbia,Industrial
2031-12-31,33.53849292304282,British Columbia,Industrial
2032-12-31,33.67471254015041,British Columbia,Industrial
2033-12-31,33.803024221735704,British Columbia,Industrial
2034-12-31,33.924918295340134,British Columbia,Industrial
2035-12-31,34.04173053601935,British Columbia,Industrial
2036-12-31,34.15193381802103,British Columbia,Industrial
2037-12-31,34.25623466699443,British Columbia,Industrial
2038-12-31,34.35510410003908,British Columbia,Industrial
2039-12-31,34.44893585801159,British Columbia,Industrial
2040-12-31,34.537947050356266,British Columbia,Industrial
2041-12-31,34.62226279099018,British Columbia,Industrial
2042-12-31,34.702181145421605,British Columbia,Industrial
2043-12-31,34.7779413020214,British Columbia,Industrial
2044-12-31,34.8497787693393,British Columbia,Industrial
2045-12-31,34.91787753842983,British Columbia,Industrial
2046-12-31,34.98243263981074,British Columbia,Industrial
2047-12-31,35.04363174435761,British Columbia,Industrial
2048-12-31,35.101629404556235,British Columbia,Industrial
2049-12-31,35.15661697110329,British Columbia,Industrial
2050-12-31,35.20875267630563,British Columbia,Industrial
2051-12-31,35.258146914795965,British Columbia,Industrial
2024-12-31,47.30836120138719,British Columbia,Residential
2025-12-31,47.624533472254654,British Columbia,Residential
2026-12-31,47.92653759578248,British Columbia,Residential
2027-12-31,48.21625021839156,British Columbia,Residential
2028-12-31,48.49221853852026,British Columbia,Residential
2029-12-31,48.75302707428009,British Columbia,Residential
2030-12-31,48.99270201227723,British Columbia,Residential
2031-12-31,49.220157423010974,British Columbia,Residential
2032-12-31,49.435188048279045,British Columbia,Residential
2033-12-31,49.63764194369792,British Columbia,Residential
2034-12-31,49.82776435283398,British Columbia,Residential
2035-12-31,50.00611507078436,British Columbia,Residential
2036-12-31,50.17431750333078,British Columbia,Residential
2037-12-31,50.33263555387619,British Columbia,Residential
2038-12-31,50.48148773589797,British Columbia,Residential
2039-12-31,50.6214151846567,British Columbia,Residential
2040-12-31,50.752999020777025,British Columbia,Residential
2041-12-31,50.876833693338305,British Columbia,Residential
2042-12-31,50.99325507939882,British Columbia,Residential
2043-12-31,51.10272167780004,British Columbia,Residential
2044-12-31,51.205654667710306,British Columbia,Residential
2045-12-31,51.30243524293385,British Columbia,Residential
2046-12-31,51.393428603129294,British Columbia,Residential
2047-12-31,51.47900794502806,British Columbia,Residential
2048-12-31,51.559413180814644,British Columbia,Residential
2049-12-31,51.635049495511744,British Columbia,Residential
2050-12-31,51.70614613854009,British Columbia,Residential
2051-12-31,51.77295635053887,British Columbia,Residential
2024-12-31,29.233956288850955,Manitoba,Commercial
2025-12-31,29.470006229572245,Manitoba,Commercial
2026-12-31,29.68563395864119,Manitoba,Commercial
2027-12-31,29.880937336311288,Manitoba,Commercial
2028-12-31,30.04656459210741,Manitoba,Commercial
2029-12-31,30.184995260202626,Manitoba,Commercial
2030-12-31,30.347186397847718,Manitoba,Commercial
2031-12-31,30.49569667205347,Manitoba,Commercial
2032-12-31,30.633105923752776,Manitoba,Commercial
2033-12-31,30.76145576248429,Manitoba,Commercial
2034-12-31,30.883696674891045,Manitoba,Commercial
2035-12-31,31.00228739984224,Manitoba,Commercial
2036-12-31,31.11344930829959,Manitoba,Commercial
2037-12-31,31.218332258241727,Manitoba,Commercial
2038-12-31,31.317700782899124,Manitoba,Commercial
2039-12-31,31.412056416070964,Manitoba,Commercial
2040-12-31,31.50155206440334,Manitoba,Commercial
2041-12-31,31.586116779212475,Manitoba,Commercial
2042-12-31,31.666129768980674,Manitoba,Commercial
2043-12-31,31.741904186519143,Manitoba,Commercial
2044-12-31,31.813641868600723,Manitoba,Commercial
2045-12-31,31.881515293922206,Manitoba,Commercial
2046-12-31,31.945703057446234,Manitoba,Commercial
2047-12-31,32.006433907515365,Manitoba,Commercial
2048-12-31,32.06388888559857,Manitoba,Commercial
2049-12-31,32.118225791354625,Manitoba,Commercial
2050-12-31,32.16960487094863,Manitoba,Commercial
2051-12-31,32.21817658452034,Manitoba,Commercial
2024-12-31,21.70126374012397,Manitoba,Industrial
2025-12-31,21.923808815604858,Manitoba,Industrial
2026-12-31,22.122210820792287,Manitoba,Industrial
2027-12-31,22.296575400528223,Manitoba,Industrial
2028-12-31,22.437162397974266,Manitoba,Industrial
2029-12-31,22.54763119174095,Manitoba,Industrial
2030-12-31,22.697279838307967,Manitoba,Industrial
2031-12-31,22.832801835161597,Manitoba,Industrial
2032-12-31,22.957774227373573,Manitoba,Industrial
2033-12-31,23.075100512149923,Manitoba,Industrial
2034-12-31,23.18862755049679,Manitoba,Industrial
2035-12-31,23.30152270373254,Manitoba,Industrial
2036-12-31,23.40792441907602,Manitoba,Industrial
2037-12-31,23.509335531603128,Manitoba,Industrial
2038-12-31,23.606617071575158,Manitoba,Industrial
2039-12-31,23.700235265055262,Manitoba,Industrial
2040-12-31,23.790195071895177,Manitoba,Industrial
2041-12-31,23.87609672804501,Manitoba,Industrial
2042-12-31,23.958376700457492,Manitoba,Industrial
2043-12-31,24.03725024669796,Manitoba,Industrial
2044-12-31,24.112818547741806,Manitoba,Industrial
2045-12-31,24.185187744416183,Manitoba,Industrial
2046-12-31,24.254438186319206,Manitoba,Industrial
2047-12-31,24.320727596736063,Manitoba,Industrial
2048-12-31,24.38419385954501,Manitoba,Industrial
2049-12-31,24.444921292225548,Manitoba,Industrial
2050-12-31,24.50302297939725,Manitoba,Industrial
2051-12-31,24.558611013709346,Manitoba,Industrial
2024-12-31,39.70187560041795,Manitoba,Residential
2025-12-31,39.97923056882102,Manitoba,Residential
2026-12-31,40.244374740917955,Manitoba,Residential
2027-12-31,40.49474130277613,Manitoba,Residential
2028-12-31,40.71865225628167,Manitoba,Residential
2029-12-31,40.916548248996136,Manitoba,Residential
2030-12-31,41.119991709681194,Manitoba,Residential
2031-12-31,41.31020569072392,Manitoba,Residential
2032-12-31,41.487795035355184,Manitoba,Residential
2033-12-31,41.6535823973876,Manitoba,Residential
2034-12-31,41.80979782208509,Manitoba,Residential
2035-12-31,41.95860601153704,Manitoba,Residential
2036-12-31,42.098177356856766,Manitoba,Residential
2037-12-31,42.229302678002604,Manitoba,Residential
2038-12-31,42.352678968836166,Manitoba,Residential
2039-12-31,42.46891274805432,Manitoba,Residential
2040-12-31,42.57840612750031,Manitoba,Residential
2041-12-31,42.681324978309455,Manitoba,Residential
2042-12-31,42.778114974441344,Manitoba,Residential
2043-12-31,42.869176552273196,Manitoba,Residential
2044-12-31,42.954834752211625,Manitoba,Residential
2045-12-31,43.03538613174101,Manitoba,Residential
2046-12-31,43.11110379182154,Manitoba,Residential
2047-12-31,43.18229769366572,Manitoba,Residential
2048-12-31,43.24923423636968,Manitoba,Residential
2049-12-31,43.31214463424328,Manitoba,Residential
2050-12-31,43.37127853172254,Manitoba,Residential
2051-12-31,43.42685206392318,Manitoba,Residential
2024-12-31,42.64639508196827,New Brunswick,Commercial
2025-12-31,42.77829305322634,New Brunswick,Commercial
2026-12-31,42.87787654337913,New Brunswick,Commercial
2027-12-31,42.95536617463197,New Brunswick,Commercial
2028-12-31,43.020771904130136,New Brunswick,Commercial
2029-12-31,43.08240826815898,New Brunswick,Commercial
2030-12-31,43.14043062017601,New Brunswick,Commercial
2031-12-31,43.192756358103644,New Brunswick,Commercial
2032-12-31,43.24042437812839,New Brunswick,Commercial
2033-12-31,43.284020983236985,New Brunswick,Commercial
2034-12-31,43.32387852401502,New Brunswick,Commercial
2035-12-31,43.360288949529746,New Brunswick,Commercial
2036-12-31,43.39354757564157,New Brunswick,Commercial
2037-12-31,43.42393047939266,New Brunswick,Commercial
2038-12-31,43.45169690385919,New Brunswick,Commercial
2039-12-31,43.4770652096285,New Brunswick,Commercial
2040-12-31,43.500239328174246,New Brunswick,Commercial
2041-12-31,43.521421748058714,New Brunswick,Commercial
2042-12-31,43.54077263244398,New Brunswick,Commercial
2043-12-31,43.55845743516717,New Brunswick,Commercial
2044-12-31,43.57462285221757,New Brunswick,Commercial
2045-12-31,43.589385278445725,New Brunswick,Commercial
2046-12-31,43.602878423638586,New Brunswick,Commercial
2047-12-31,43.61521339197166,New Brunswick,Commercial
2048-12-31,43.62648349171356,New Brunswick,Commercial
2049-12-31,43.63678539792607,New Brunswick,Commercial
2050-12-31,43.64619318005954,New Brunswick,Commercial
2051-12-31,43.65479629861892,New Brunswick,Commercial
2024-12-31,27.88902895313927,New Brunswick,Industrial
2025-12-31,27.839482347256503,New Brunswick,Industrial
2026-12-31,27.742745595897148,New Brunswick,Industrial
2027-12-31,27.618503408891634,New Brunswick,Industrial
2028-12-31,27.480918534656418,New Brunswick,Industrial
2029-12-31,27.339050542428456,New Brunswick,Industrial
2030-12-31,27.250439203649858,New Brunswick,Industrial
2031-12-31,27.166748231991726,New Brunswick,Industrial
2032-12-31,27.090935682153756,New Brunswick,Industrial
2033-12-31,27.02409648168094,New Brunswick,Industrial
2034-12-31,26.96622090652758,New Brunswick,Industrial
2035-12-31,26.916696990084763,New Brunswick,Industrial
2036-12-31,26.87309436919904,New Brunswick,Industrial
2037-12-31,26.834976110083957,New Brunswick,Industrial
2038-12-31,26.80176006653738,New Brunswick,Industrial
2039-12-31,26.772840106377803,New Brunswick,Industrial
2040-12-31,26.74763213859396,New Brunswick,Industrial
2041-12-31,26.725633105888683,New Brunswick,Industrial
2042-12-31,26.706450156815986,New Brunswick,Industrial
2043-12-31,26.689724798224674,New Brunswick,Industrial
2044-12-31,26.675144564113154,New Brunswick,Industrial
2045-12-31,26.662426160616917,New Brunswick,Industrial
2046-12-31,26.65133491409991,New Brunswick,Industrial
2047-12-31,26.641667267872304,New Brunswick,Industrial
2048-12-31,26.633238465065936,New Brunswick,Industrial
2049-12-31,26.625883196904038,New Brunswick,Industrial
2050-12-31,26.619469864634894,New Brunswick,Industrial
2051-12-31,26.613882427979913,New Brunswick,Industrial
2024-12-31,52.37177238388083,New Brunswick,Residential
2025-12-31,52.30729933240779,New Brunswick,Residential
2026-12-31,52.17198892458563,New Brunswick,Residential
2027-12-31,51.98939403234367,New Brunswick,Residential
2028-12-31,51.775810470676774,New Brunswick,Residential
2029-12-31,51.54028175138376,New Brunswick,Residential
2030-12-31,51.40030982775531,New Brunswick,Residential
2031-12-31,51.262368701141384,New Brunswick,Residential
2032-12-31,51.13273425688513,New Brunswick,Residential
2033-12-31,51.01482348209805,New Brunswick,Residential
2034-12-31,50.910223174634694,New Brunswick,Residential
2035-12-31,50.819503783094625,New Brunswick,Residential
2036-12-31,50.737219424847126,New Brunswick,Residential
2037-12-31,50.66333967596688,New Brunswick,Residential
2038-12-31,50.597351132714266,New Brunswick,Residential
2039-12-31,50.53851601490048,New Brunswick,Residential
2040-12-31,50.485985304859796,New Brunswick,Residential
2041-12-31,50.438948014833144,New Brunswick,Residential
2042-12-31,50.39690595304354,New Brunswick,Residential
2043-12-31,50.359344765003705,New Brunswick,Residential
2044-12-31,50.325777667908646,New Brunswick,Residential
2045-12-31,50.29577302231801,New Brunswick,Residential
2046-12-31,50.26895528290373,New Brunswick,Residential
2047-12-31,50.24498313125373,New Brunswick,Residential
2048-12-31,50.22355803260089,New Brunswick,Residential
2049-12-31,50.204403319374414,New Brunswick,Residential
2050-12-31,50.18729271362979,New Brunswick,Residential
2051-12-31,50.17198947919818,New Brunswick,Residential
2024-12-31,44.75692797233931,Newfoundland and Labrador,Commercial
2025-12-31,45.20782317279149,Newfoundland and Labrador,Commercial
2026-12-31,45.665121932554506,Newfoundland and Labrador,Commercial
2027-12-31,46.13073742379045,Newfoundland and Labrador,Commercial
2028-12-31,46.60399548107078,Newfoundland and Labrador,Commercial
2029-12-31,47.0827339161742,Newfoundland and Labrador,Commercial
2030-12-31,47.54779873775079,Newfoundland and Labrador,Commercial
2031-12-31,48.013426376111575,Newfoundland and Labrador,Commercial
2032-12-31,48.47891432253671,Newfoundland and Labrador,Commercial
2033-12-31,48.943553994743944,Newfoundland and Labrador,Commercial
2034-12-31,49.40670766867924,Newfoundland and Labrador,Commercial
2035-12-31,49.8680008079934,Newfoundland and Labrador,Commercial
2036-12-31,50.32833432444529,Newfoundland and Labrador,Commercial
2037-12-31,50.78757055062008,Newfoundland and Labrador,Commercial
2038-12-31,51.24566899610165,Newfoundland and Labrador,Commercial
2039-12-31,51.70260739116111,Newfoundland and Labrador,Commercial
2040-12-31,52.15843634881863,Newfoundland and Labrador,Commercial
2041-12-31,52.613242923468896,Newfoundland and Labrador,Commercial
2042-12-31,53.06701901702867,Newfoundland and Labrador,Commercial
2043-12-31,53.51975855593553,Newfoundland and Labrador,Commercial
2044-12-31,53.971489883480785,Newfoundland and Labrador,Commercial
2045-12-31,54.42224539199732,Newfoundland and Labrador,Commercial
2046-12-31,54.87198661558982,Newfoundland and Labrador,Commercial
2047-12-31,55.32078441248651,Newfoundland and Labrador,Commercial
2048-12-31,55.76859424322964,Newfoundland and Labrador,Commercial
2049-12-31,56.21542825494407,Newfoundland and Labrador,Commercial
2050-12-31,56.661284423108974,Newfoundland and Labrador,Commercial
2051-12-31,57.10616072320355,Newfoundland and Labrador,Commercial
2024-12-31,42.75226559146673,Newfoundland and Labrador,Industrial
2025-12-31,43.21002532165147,Newfoundland and Labrador,Industrial
2026-12-31,43.67601543938735,Newfoundland and Labrador,Industrial
2027-12-31,44.15220708791139,Newfoundland and Labrador,Industrial
2028-12-31,44.63773573071613,Newfoundland and Labrador,Industrial
2029-12-31,45.13018807589356,Newfoundland and Labrador,Industrial
2030-12-31,45.59244833612577,Newfoundland and Labrador,Industrial
2031-12-31,46.0529301212569,Newfoundland and Labrador,Industrial
2032-12-31,46.51006244494765,Newfoundland and Labrador,Industrial
2033-12-31,46.962350894092246,Newfoundland and Labrador,Industrial
2034-12-31,47.40842209069598,Newfoundland and Labrador,Industrial
2035-12-31,47.84716201771634,Newfoundland and Labrador,Industrial
2036-12-31,48.28089998351491,Newfoundland and Labrador,Industrial
2037-12-31,48.70930746421883,Newfoundland and Labrador,Industrial
2038-12-31,49.1321670906491,Newfoundland and Labrador,Industrial
2039-12-31,49.54950356384877,Newfoundland and Labrador,Industrial
2040-12-31,49.961418158094446,Newfoundland and Labrador,Industrial
2041-12-31,50.368118362147904,Newfoundland and Labrador,Industrial
2042-12-31,50.76958688527901,Newfoundland and Labrador,Industrial
2043-12-31,51.165905240929895,Newfoundland and Labrador,Industrial
2044-12-31,51.557140121916845,Newfoundland and Labrador,Industrial
2045-12-31,51.943306348865704,Newfoundland and Labrador,Industrial
2046-12-31,52.324547187826276,Newfoundland and Labrador,Industrial
2047-12-31,52.700825587233965,Newfoundland and Labrador,Industrial
2048-12-31,53.07226505230412,Newfoundland and Labrador,Industrial
2049-12-31,53.43889769439273,Newfoundland and Labrador,Industrial
2050-12-31,53.800780325898856,Newfoundland and Labrador,Industrial
2051-12-31,54.15796481901295,Newfoundland and Labrador,Industrial
2024-12-31,63.46022306640339,Newfoundland and Labrador,Residential
2025-12-31,63.43370109440055,Newfoundland and Labrador,Residential
2026-12-31,63.31305273191589,Newfoundland and Labrador,Residential
2027-12-31,63.118847771343574,Newfoundland and Labrador,Residential
2028-12-31,62.86320606496412,Newfoundland and Labrador,Residential
2029-12-31,62.54813561632076,Newfoundland and Labrador,Residential
2030-12-31,62.371137450338495,Newfoundland and Labrador,Residential
2031-12-31,62.17539628542944,Newfoundland and Labrador,Residential
2032-12-31,61.97381721753614,Newfoundland and Labrador,Residential
2033-12-31,61.775576659598876,Newfoundland and Labrador,Residential
2034-12-31,61.58762589542832,Newfoundland and Labrador,Residential
2035-12-31,61.41615708554439,Newfoundland and Labrador,Residential
2036-12-31,61.24754192622436,Newfoundland and Labrador,Residential
2037-12-31,61.08458019476631,Newfoundland and Labrador,Residential
2038-12-31,60.92852566899237,Newfoundland and Labrador,Residential
2039-12-31,60.779535071130304,Newfoundland and Labrador,Residential
2040-12-31,60.63705824085972,Newfoundland and Labrador,Residential
2041-12-31,60.4999475143669,Newfoundland and Labrador,Residential
2042-12-31,60.36841675219179,Newfoundland and Labrador,Residential
2043-12-31,60.24239085826694,Newfoundland and Labrador,Residential
2044-12-31,60.121606996356185,Newfoundland and Labrador,Residential
2045-12-31,60.0057794748985,Newfoundland and Labrador,Residential
2046-12-31,59.894643825134544,Newfoundland and Labrador,Residential
2047-12-31,59.78810209567195,Newfoundland and Labrador,Residential
2048-12-31,59.68593389587793,Newfoundland and Labrador,Residential
2049-12-31,59.5879514855838,Newfoundland and Labrador,Residential
2050-12-31,59.49400304013142,Newfoundland and Labrador,Residential
2051-12-31,59.40388449412004,Newfoundland and Labrador,Residential
2024-12-31,46.45483481038224,Northwest Territories,Commercial
2025-12-31,46.46738416013736,Northwest Territories,Commercial
2026-12-31,46.40336147711055,Northwest Territories,Commercial
2027-12-31,46.286483388917404,Northwest Territories,Commercial
2028-12-31,46.13486633590104,Northwest Territories,Commercial
2029-12-31,45.957352839151184,Northwest Territories,Commercial
2030-12-31,45.88385309170399,Northwest Territories,Commercial
2031-12-31,45.8091378970497,Northwest Territories,Commercial
2032-12-31,45.73976268125174,Northwest Territories,Commercial
2033-12-31,45.679275637142844,Northwest Territories,Commercial
2034-12-31,45.62926997063953,Northwest Territories,Commercial
2035-12-31,45.59028778260882,Northwest Territories,Commercial
2036-12-31,45.55631688911928,Northwest Territories,Commercial
2037-12-31,45.527461145284384,Northwest Territories,Commercial
2038-12-31,45.50328687041052,Northwest Territories,Commercial
2039-12-31,45.48313783713236,Northwest Territories,Commercial
2040-12-31,45.46630531989534,Northwest Territories,Commercial
2041-12-31,45.4520805931449,Northwest Territories,Commercial
2042-12-31,45.44015209154063,Northwest Territories,Commercial
2043-12-31,45.43014662143303,Northwest Territories,Commercial
2044-12-31,45.42176631266149,Northwest Territories,Commercial
2045-12-31,45.41471786012533,Northwest Territories,Commercial
2046-12-31,45.40880724877741,Northwest Territories,Commercial
2047-12-31,45.403843887365525,Northwest Territories,Commercial
2048-12-31,45.39967028132201,Northwest Territories,Commercial
2049-12-31,45.396180293003425,Northwest Territories,Commercial
2050-12-31,45.39324381820169,Northwest Territories,Commercial
2051-12-31,45.39078781595787,Northwest Territories,Commercial
2024-12-31,40.15644651709608,Northwest Territories,Industrial
2025-12-31,40.17436331424674,Northwest Territories,Industrial
2026-12-31,40.115136010459594,Northwest Territories,Industrial
2027-12-31,40.00301872329863,Northwest Territories,Industrial
2028-12-31,39.855437992012114,Northwest Territories,Industrial
2029-12-31,39.6812763289299,Northwest Territories,Industrial
2030-12-31,39.61044443497167,Northwest Territories,Industrial
2031-12-31,39.53789827618765,Northwest Territories,Industrial
2032-12-31,39.470314750291045,Northwest Territories,Industrial
2033-12-31,39.411278526978116,Northwest Territories,Industrial
2034-12-31,39.36244709287659,Northwest Territories,Industrial
2035-12-31,39.324436273057664,Northwest Territories,Industrial
2036-12-31,39.2912767135069,Northwest Territories,Industrial
2037-12-31,39.263068867959326,Northwest Territories,Industrial
2038-12-31,39.23942293224754,Northwest Territories,Industrial
2039-12-31,39.21970997863928,Northwest Territories,Industrial
2040-12-31,39.203217003993615,Northwest Territories,Industrial
2041-12-31,39.18930306980561,Northwest Territories,Industrial
2042-12-31,39.17760348534164,Northwest Territories,Industrial
2043-12-31,39.16779068407447,Northwest Territories,Industrial
2044-12-31,39.15954583458427,Northwest Territories,Industrial
2045-12-31,39.15263745652515,Northwest Territories,Industrial
2046-12-31,39.14682751822064,Northwest Territories,Industrial
2047-12-31,39.14193804185763,Northwest Territories,Industrial
2048-12-31,39.13785874670528,Northwest Territories,Industrial
2049-12-31,39.13441929816944,Northwest Territories,Industrial
2050-12-31,39.13153016139933,Northwest Territories,Industrial
2051-12-31,39.12908651510625,Northwest Territories,Industrial
2024-12-31,65.53095593012615,Northwest Territories,Residential
2025-12-31,66.04019194141912,Northwest Territories,Residential
2026-12-31,66.50605802756212,Northwest Territories,Residential
2027-12-31,66.9274038492487,Northwest Territories,Residential
2028-12-31,67.30413094662383,Northwest Territories,Residential
2029-12-31,67.62989850502257,Northwest Territories,Residential
2030-12-31,67.9341591490842,Northwest Territories,Residential
2031-12-31,68.20803836387395,Northwest Territories,Residential
2032-12-31,68.45401405574381,Northwest Territories,Residential
2033-12-31,68.6748693565964,Northwest Territories,Residential
2034-12-31,68.87338411633915,Northwest Territories,Residential
2035-12-31,69.05307335179721,Northwest Territories,Residential
2036-12-31,69.21470504983992,Northwest Territories,Residential
2037-12-31,69.36011056377113,Northwest Territories,Residential
2038-12-31,69.49098012110245,Northwest Territories,Residential
2039-12-31,69.60881687562092,Northwest Territories,Residential
2040-12-31,69.71495659935998,Northwest Territories,Residential
2041-12-31,69.81046594074928,Northwest Territories,Residential
2042-12-31,69.89642795819435,Northwest Territories,Residential
2043-12-31,69.97381412226495,Northwest Territories,Residential
2044-12-31,70.0434186757918,Northwest Territories,Residential
2045-12-31,70.10610150150893,Northwest Territories,Residential
2046-12-31,70.16249602448383,Northwest Territories,Residential
2047-12-31,70.2132816177163,Northwest Territories,Residential
2048-12-31,70.25893417050574,Northwest Territories,Residential
2049-12-31,70.30003787799207,Northwest Territories,Residential
2050-12-31,70.33700955356166,Northwest Territories,Residential
2051-12-31,70.37030539454288,Northwest Territories,Residential
2024-12-31,56.98790512638117,Nova Scotia,Commercial
2025-12-31,57.276856772098924,Nova Scotia,Commercial
2026-12-31,57.56769998144458,Nova Scotia,Commercial
2027-12-31,57.86001505463013,Nova Scotia,Commercial
2028-12-31,58.15028700593099,Nova Scotia,Commercial
2029-12-31,58.4334298899994,Nova Scotia,Commercial
2030-12-31,58.672553844218356,Nova Scotia,Commercial
2031-12-31,58.902983600745394,Nova Scotia,Commercial
2032-12-31,59.12237583576413,Nova Scotia,Commercial
2033-12-31,59.329063408449976,Nova Scotia,Commercial
2034-12-31,59.521999983914746,Nova Scotia,Commercial
2035-12-31,59.700891189390475,Nova Scotia,Commercial
2036-12-31,59.86968919788093,Nova Scotia,Commercial
2037-12-31,60.02816958658279,Nova Scotia,Commercial
2038-12-31,60.17661798451846,Nova Scotia,Commercial
2039-12-31,60.31558524765969,Nova Scotia,Commercial
2040-12-31,60.445695096524794,Nova Scotia,Commercial
2041-12-31,60.567778186944196,Nova Scotia,Commercial
2042-12-31,60.682204670814265,Nova Scotia,Commercial
2043-12-31,60.78937384584999,Nova Scotia,Commercial
2044-12-31,60.88978993471335,Nova Scotia,Commercial
2045-12-31,60.983863893446774,Nova Scotia,Commercial
2046-12-31,61.072047482238744,Nova Scotia,Commercial
2047-12-31,61.15464090302097,Nova Scotia,Commercial
2048-12-31,61.2320376243447,Nova Scotia,Commercial
2049-12-31,61.304546591887224,Nova Scotia,Commercial
2050-12-31,61.37248840965328,Nova Scotia,Commercial
2051-12-31,61.436137048337805,Nova Scotia,Commercial
2024-12-31,42.39010485031452,Nova Scotia,Industrial
2025-12-31,42.29493363572468,Nova Scotia,Industrial
2026-12-31,42.09146552019916,Nova Scotia,Industrial
2027-12-31,41.81184169579863,Nova Scotia,Industrial
2028-12-31,41.472767205762636,Nova Scotia,Industrial
2029-12-31,41.08222327198699,Nova Scotia,Industrial
2030-12-31,40.88209340963833,Nova Scotia,Industrial
2031-12-31,40.66459856873369,Nova Scotia,Industrial
2032-12-31,40.448535195039426,Nova Scotia,Industrial
2033-12-31,40.24563332881465,Nova Scotia,Industrial
2034-12-31,40.064036764747094,Nova Scotia,Industrial
2035-12-31,39.9101561062342,Nova Scotia,Industrial
2036-12-31,39.763762062563664,Nova Scotia,Industrial
2037-12-31,39.62869162717238,Nova Scotia,Industrial
2038-12-31,39.50597396849745,Nova Scotia,Industrial
2039-12-31,39.39506901421312,Nova Scotia,Industrial
2040-12-31,39.2945067205143,Nova Scotia,Industrial
2041-12-31,39.202092354709805,Nova Scotia,Industrial
2042-12-31,39.117831427741734,Nova Scotia,Industrial
2043-12-31,39.04118111181327,Nova Scotia,Industrial
2044-12-31,38.97139742974098,Nova Scotia,Industrial
2045-12-31,38.90777222546504,Nova Scotia,Industrial
2046-12-31,38.84972685006498,Nova Scotia,Industrial
2047-12-31,38.79683696099915,Nova Scotia,Industrial
2048-12-31,38.74863826139565,Nova Scotia,Industrial
2049-12-31,38.70472431927461,Nova Scotia,Industrial
2050-12-31,38.66467630303649,Nova Scotia,Industrial
2051-12-31,38.62818835539473,Nova Scotia,Industrial
2024-12-31,66.20289202774795,Nova Scotia,Residential
2025-12-31,66.08327773217175,Nova Scotia,Residential
2026-12-31,65.85358370700118,Nova Scotia,Residential
2027-12-31,65.54907049326597,Nova Scotia,Residential
2028-12-31,65.1888345379991,Nova Scotia,Residential
2029-12-31,64.7798460041984,Nova Scotia,Residential
2030-12-31,64.54926504265742,Nova Scotia,Residential
2031-12-31,64.303882527051,Nova Scotia,Residential
2032-12-31,64.06160589550977,Nova Scotia,Residential
2033-12-31,63.83328405088325,Nova Scotia,Residential
2034-12-31,63.62596267430226,Nova Scotia,Residential
2035-12-31,63.445091925492136,Nova Scotia,Residential
2036-12-31,63.27313874344963,Nova Scotia,Residential
2037-12-31,63.11336326204346,Nova Scotia,Residential
2038-12-31,62.96654315736652,Nova Scotia,Residential
2039-12-31,62.8320517895919,Nova Scotia,Residential
2040-12-31,62.708590889539735,Nova Scotia,Residential
2041-12-31,62.59422912112811,Nova Scotia,Residential
2042-12-31,62.48885079700435,Nova Scotia,Residential
2043-12-31,62.391909615780904,Nova Scotia,Residential
2044-12-31,62.302652002896686,Nova Scotia,Residential
2045-12-31,62.220409542536316,Nova Scotia,Residential
2046-12-31,62.14458130317348,Nova Scotia,Residential
2047-12-31,62.07474309784841,Nova Scotia,Residential
2048-12-31,62.01042896361291,Nova Scotia,Residential
2049-12-31,61.951148835986935,Nova Scotia,Residential
2050-12-31,61.89654279876222,Nova Scotia,Residential
2051-12-31,61.846233261273824,Nova Scotia,Residential
2024-12-31,69.02154426122502,Nunavut,Commercial
2025-12-31,69.65623642811843,Nunavut,Commercial
2026-12-31,70.43489804339815,Nunavut,Commercial
2027-12-31,71.34190939867803,Nunavut,Commercial
2028-12-31,72.36317019589723,Nunavut,Commercial
2029-12-31,73.48878937176167,Nunavut,Commercial
2030-12-31,74.35553848144677,Nunavut,Commercial
2031-12-31,75.27444975624917,Nunavut,Commercial
2032-12-31,76.21757796312706,Nunavut,Commercial
2033-12-31,77.16249371156414,Nunavut,Commercial
2034-12-31,78.09061082539628,Nunavut,Commercial
2035-12-31,78.9847391132961,Nunavut,Commercial
2036-12-31,79.88402147935821,Nunavut,Commercial
2037-12-31,80.77825191248998,Nunavut,Commercial
2038-12-31,81.66231038293976,Nunavut,Commercial
2039-12-31,82.53455405489368,Nunavut,Commercial
2040-12-31,83.39627676795644,Nunavut,Commercial
2041-12-31,84.25126640781296,Nunavut,Commercial
2042-12-31,85.09725449910364,Nunavut,Commercial
2043-12-31,85.93362817043675,Nunavut,Commercial
2044-12-31,86.7604980791469,Nunavut,Commercial
2045-12-31,87.57836218323988,Nunavut,Commercial
2046-12-31,88.38735242030694,Nunavut,Commercial
2047-12-31,89.18711128203626,Nunavut,Commercial
2048-12-31,89.97756215950388,Nunavut,Commercial
2049-12-31,90.75884124635238,Nunavut,Commercial
2050-12-31,91.53094003047912,Nunavut,Commercial
2051-12-31,92.2937776469088,Nunavut,Commercial
2024-12-31,62.93955777968906,Nunavut,Industrial
2025-12-31,63.601920131141235,Nunavut,Industrial
2026-12-31,64.44214258411495,Nunavut,Industrial
2027-12-31,65.43804931365266,Nunavut,Industrial
2028-12-31,66.57200783454422,Nunavut,Industrial
2029-12-31,67.8345237316765,Nunavut,Industrial
2030-12-31,68.80108597839516,Nunavut,Industrial
2031-12-31,69.84159399190001,Nunavut,Industrial
2032-12-31,70.92022112515363,Nunavut,Industrial
2033-12-31,72.00935785199876,Nunavut,Industrial
2034-12-31,73.08648718094004,Nunavut,Industrial
2035-12-31,74.13091444906215,Nunavut,Industrial
2036-12-31,75.19158873340548,Nunavut,Industrial
2037-12-31,76.25488833586293,Nunavut,Industrial
2038-12-31,77.31406897646147,Nunavut,Industrial
2039-12-31,78.36721263356783,Nunavut,Industrial
2040-12-31,79.41581295092678,Nunavut,Industrial
2041-12-31,80.46477107709369,Nunavut,Industrial
2042-12-31,81.51077520031126,Nunavut,Industrial
2043-12-31,82.55290583515446,Nunavut,Industrial
2044-12-31,83.59117130275834,Nunavut,Industrial
2045-12-31,84.6259959810114,Nunavut,Industrial
2046-12-31,85.65756293488515,Nunavut,Industrial
2047-12-31,86.68501924803506,Nunavut,Industrial
2048-12-31,87.70812776811168,Nunavut,Industrial
2049-12-31,88.72687601341241,Nunavut,Industrial
2050-12-31,89.74104763442547,Nunavut,Industrial
2051-12-31,90.75045956617934,Nunavut,Industrial
2024-12-31,87.25786096660345,Nunavut,Residential
2025-12-31,87.92644581714192,Nunavut,Residential
2026-12-31,88.77262844764348,Nunavut,Residential
2027-12-31,89.77239658601596,Nunavut,Residential
2028-12-31,90.90691896476687,Nunavut,Residential
2029-12-31,92.16120863251024,Nunavut,Residential
2030-12-31,93.07257354069515,Nunavut,Residential
2031-12-31,94.04590198067174,Nunavut,Residential
2032-12-31,95.04262781603366,Nunavut,Residential
2033-12-31,96.03300170767578,Nunavut,Residential
2034-12-31,96.99246066784674,Nunavut,Residential
2035-12-31,97.89916320656731,Nunavut,Residential
2036-12-31,98.80625071157392,Nunavut,Residential
2037-12-31,99.69955428483846,Nunavut,Residential
2038-12-31,100.57226216179947,Nunavut,Residential
2039-12-31,101.42245485778069,Nunavut,Residential
2040-12-31,102.25229246138719,Nunavut,Residential
2041-12-31,103.06738906429044,Nunavut,Residential
2042-12-31,103.86467028295607,Nunavut,Residential
2043-12-31,104.6434998536613,Nunavut,Residential
2044-12-31,105.40442849206534,Nunavut,Residential
2045-12-31,106.14837049309754,Nunavut,Residential
2046-12-31,106.87585518540124,Nunavut,Residential
2047-12-31,107.58660453776982,Nunavut,Residential
2048-12-31,108.28084311387015,Nunavut,Residential
2049-12-31,108.95896657349623,Nunavut,Residential
2050-12-31,109.62131710890232,Nunavut,Residential
2051-12-31,110.26811393700132,Nunavut,Residential
2024-12-31,42.567611700204296,Ontario,Commercial
2025-12-31,42.86708757437729,Ontario,Commercial
2026-12-31,43.14759170744846,Ontario,Commercial
2027-12-31,43.40297039607737,Ontario,Commercial
2028-12-31,43.62881196193147,Ontario,Commercial
2029-12-31,43.823610642144544,Ontario,Commercial
2030-12-31,43.977472823437274,Ontario,Commercial
2031-12-31,44.10957275731864,Ontario,Commercial
2032-12-31,44.221906151188335,Ontario,Commercial
2033-12-31,44.316805141025704,Ontario,Commercial
2034-12-31,44.396718360732486,Ontario,Commercial
2035-12-31,44.46393875072536,Ontario,Commercial
2036-12-31,44.52077013907729,Ontario,Commercial
2037-12-31,44.56874659656087,Ontario,Commercial
2038-12-31,44.6092171037916,Ontario,Commercial
2039-12-31,44.64335861641545,Ontario,Commercial
2040-12-31,44.672162999921305,Ontario,Commercial
2041-12-31,44.69647187014111,Ontario,Commercial
2042-12-31,44.71699074720308,Ontario,Commercial
2043-12-31,44.73430212071922,Ontario,Commercial
2044-12-31,44.748911177941835,Ontario,Commercial
2045-12-31,44.76123056104468,Ontario,Commercial
2046-12-31,44.771628272810666,Ontario,Commercial
2047-12-31,44.78039827995988,Ontario,Commercial
2048-12-31,44.787806241306036,Ontario,Commercial
2049-12-31,44.794056844787555,Ontario,Commercial
2050-12-31,44.799327559202126,Ontario,Commercial
2051-12-31,44.80377952186297,Ontario,Commercial
2024-12-31,33.81218216396491,Ontario,Industrial
2025-12-31,34.11190087095624,Ontario,Industrial
2026-12-31,34.39379317298448,Ontario,Industrial
2027-12-31,34.65539174376728,Ontario,Industrial
2028-12-31,34.89432141149438,Ontario,Industrial
2029-12-31,35.10963430159576,Ontario,Industrial
2030-12-31,35.294975046728744,Ontario,Industrial
2031-12-31,35.460867358482254,Ontario,Industrial
2032-12-31,35.60882026633667,Ontario,Industrial
2033-12-31,35.74044427939938,Ontario,Industrial
2034-12-31,35.857368008549045,Ontario,Industrial
2035-12-31,35.96118715235291,Ontario,Industrial
2036-12-31,36.053516608226545,Ontario,Industrial
2037-12-31,36.135599913004555,Ontario,Industrial
2038-12-31,36.20855443966097,Ontario,Industrial
2039-12-31,36.27339553300429,Ontario,Industrial
2040-12-31,36.33102937867668,Ontario,Industrial
2041-12-31,36.382257391462154,Ontario,Industrial
2042-12-31,36.42778938021118,Ontario,Industrial
2043-12-31,36.4682583583808,Ontario,Industrial
2044-12-31,36.5042254808814,Ontario,Industrial
2045-12-31,36.536196500232386,Ontario,Industrial
2046-12-31,36.56461024725321,Ontario,Industrial
2047-12-31,36.58987044629777,Ontario,Industrial
2048-12-31,36.612313900019984,Ontario,Industrial
2049-12-31,36.63226753738035,Ontario,Industrial
2050-12-31,36.64999794810168,Ontario,Industrial
2051-12-31,36.66575581428958,Ontario,Industrial
2024-12-31,40.46832870095929,Ontario,Residential
2025-12-31,40.66746797022983,Ontario,Residential
2026-12-31,40.83478130180793,Ontario,Residential
2027-12-31,40.96686082112069,Ontario,Residential
2028-12-31,41.06749129838209,Ontario,Residential
2029-12-31,41.14545752086283,Ontario,Residential
2030-12-31,41.20213880361302,Ontario,Residential
2031-12-31,41.24235857622118,Ontario,Residential
2032-12-31,41.27008061236718,Ontario,Residential
2033-12-31,41.28838904293223,Ontario,Residential
2034-12-31,41.29968449108476,Ontario,Residential
2035-12-31,41.306114998415595,Ontario,Residential
2036-12-31,41.30921055037682,Ontario,Residential
2037-12-31,41.31012204041791,Ontario,Residential
2038-12-31,41.30969946045669,Ontario,Residential
2039-12-31,41.30853670665488,Ontario,Residential
2040-12-31,41.30703615244748,Ontario,Residential
2041-12-31,41.305456529224465,Ontario,Residential
2042-12-31,41.30395509647245,Ontario,Residential
2043-12-31,41.302617512291675,Ontario,Residential
2044-12-31,41.30147935773917,Ontario,Residential
2045-12-31,41.3005445862657,Ontario,Residential
2046-12-31,41.299801776791256,Ontario,Residential
2047-12-31,41.29922896570037,Ontario,Residential
2048-12-31,41.29879716102067,Ontario,Residential
2049-12-31,41.298480884958224,Ontario,Residential
2050-12-31,41.298259491714504,Ontario,Residential
2051-12-31,41.29810618567868,Ontario,Residential
2024-12-31,47.03327507584349,Prince Edward Island,Commercial
2025-12-31,47.255155150408285,Prince Edward Island,Commercial
2026-12-31,47.49819425282161,Prince Edward Island,Commercial
2027-12-31,47.765647618137095,Prince Edward Island,Commercial
2028-12-31,48.05584960937652,Prince Edward Island,Commercial
2029-12-31,48.365235542027456,Prince Edward Island,Commercial
2030-12-31,48.604216188319086,Prince Edward Island,Commercial
2031-12-31,48.83280356787239,Prince Edward Island,Commercial
2032-12-31,49.05003516293054,Prince Edward Island,Commercial
2033-12-31,49.25463948753676,Prince Edward Island,Commercial
2034-12-31,49.445491358433294,Prince Edward Island,Commercial
2035-12-31,49.62169370907079,Prince Edward Island,Commercial
2036-12-31,49.78662497677572,Prince Edward Island,Commercial
2037-12-31,49.94077989567512,Prince Edward Island,Commercial
2038-12-31,50.084681112910935,Prince Edward Island,Commercial
2039-12-31,50.218953302507366,Prince Edward Island,Commercial
2040-12-31,50.34422402604186,Prince Edward Island,Commercial
2041-12-31,50.46119977154794,Prince Edward Island,Commercial
2042-12-31,50.57043109918251,Prince Edward Island,Commercial
2043-12-31,50.67240119285951,Prince Edward Island,Commercial
2044-12-31,50.76760478670595,Prince Edward Island,Commercial
2045-12-31,50.85649907665633,Prince Edward Island,Commercial
2046-12-31,50.93950660800589,Prince Edward Island,Commercial
2047-12-31,51.01702682562374,Prince Edward Island,Commercial
2048-12-31,51.08941008597334,Prince Edward Island,Commercial
2049-12-31,51.15701252062475,Prince Edward Island,Commercial
2050-12-31,51.22015561050872,Prince Edward Island,Commercial
2051-12-31,51.279125223399056,Prince Edward Island,Commercial
2024-12-31,26.88079913924091,Prince Edward Island,Industrial
2025-12-31,26.844469475345722,Prince Edward Island,Industrial
2026-12-31,26.83816333099749,Prince Edward Island,Industrial
2027-12-31,26.862282021999714,Prince Edward Island,Industrial
2028-12-31,26.915912760093196,Prince Edward Island,Industrial
2029-12-31,26.99708525315762,Prince Edward Island,Industrial
2030-12-31,27.038737427294937,Prince Edward Island,Industrial
2031-12-31,27.08530561202842,Prince Edward Island,Industrial
2032-12-31,27.135019525159205,Prince Edward Island,Industrial
2033-12-31,27.186055318116377,Prince Edward Island,Industrial
2034-12-31,27.236656964267823,Prince Edward Island,Industrial
2035-12-31,27.28516088217191,Prince Edward Island,Industrial
2036-12-31,27.333895913052174,Prince Edward Island,Industrial
2037-12-31,27.382557506164307,Prince Edward Island,Industrial
2038-12-31,27.430942627678764,Prince Edward Island,Industrial
2039-12-31,27.478961424326304,Prince Edward Island,Industrial
2040-12-31,27.52662123988373,Prince Edward Island,Industrial
2041-12-31,27.574026615173928,Prince Edward Island,Industrial
2042-12-31,27.62115638284019,Prince Edward Island,Industrial
2043-12-31,27.667994127381405,Prince Edward Island,Industrial
2044-12-31,27.714550648469363,Prince Edward Island,Industrial
2045-12-31,27.76082033027473,Prince Edward Island,Industrial
2046-12-31,27.80682261220672,Prince Edward Island,Industrial
2047-12-31,27.852547126580422,Prince Edward Island,Industrial
2048-12-31,27.898010720883818,Prince Edward Island,Industrial
2049-12-31,27.943196115642053,Prince Edward Island,Industrial
2050-12-31,27.988129230067408,Prince Edward Island,Industrial
2051-12-31,28.03279969647497,Prince Edward Island,Industrial
2024-12-31,61.3137325099171,Prince Edward Island,Residential
2025-12-31,61.2451061344302,Prince Edward Island,Residential
2026-12-31,61.22450130947911,Prince Edward Island,Residential
2027-12-31,61.24957693358169,Prince Edward Island,Residential
2028-12-31,61.31635391719542,Prince Edward Island,Residential
2029-12-31,61.4171293317647,Prince Edward Island,Residential
2030-12-31,61.44289084379316,Prince Edward Island,Residential
2031-12-31,61.475721072938896,Prince Edward Island,Residential
2032-12-31,61.5112306496672,Prince Edward Island,Residential
2033-12-31,61.54560334366906,Prince Edward Island,Residential
2034-12-31,61.575566310732,Prince Edward Island,Residential
2035-12-31,61.59867039853626,Prince Edward Island,Residential
2036-12-31,61.620473178426366,Prince Edward Island,Residential
2037-12-31,61.64036549423072,Prince Edward Island,Residential
2038-12-31,61.6580388529781,Prince Edward Island,Residential
2039-12-31,61.6735433652019,Prince Edward Island,Residential
2040-12-31,61.68717343028583,Prince Edward Island,Residential
2041-12-31,61.699398834480476,Prince Edward Island,Residential
2042-12-31,61.71029004572343,Prince Edward Island,Residential
2043-12-31,61.719947285081496,Prince Edward Island,Residential
2044-12-31,61.72851305438401,Prince Edward Island,Residential
2045-12-31,61.73610323423946,Prince Edward Island,Residential
2046-12-31,61.74287285411053,Prince Edward Island,Residential
2047-12-31,61.74887515643896,Prince Edward Island,Residential
2048-12-31,61.75420879633738,Prince Edward Island,Residential
2049-12-31,61.75894424174338,Prince Edward Island,Residential
2050-12-31,61.76314569677787,Prince Edward Island,Residential
2051-12-31,61.766885195332605,Prince Edward Island,Residential
2024-12-31,34.35573432043625,Quebec,Commercial
2025-12-31,34.56005406770153,Quebec,Commercial
2026-12-31,34.726821739325494,Quebec,Commercial
2027-12-31,34.8621873328951,Quebec,Commercial
2028-12-31,34.96885767887292,Quebec,Commercial
2029-12-31,35.043060282742005,Quebec,Commercial
2030-12-31,35.180198336032454,Quebec,Commercial
2031-12-31,35.30376394312715,Quebec,Commercial
2032-12-31,35.41975392608163,Quebec,Commercial
2033-12-31,35.53299987880162,Quebec,Commercial
2034-12-31,35.64786839804383,Quebec,Commercial
2035-12-31,35.76951055810813,Quebec,Commercial
2036-12-31,35.888267547626825,Quebec,Commercial
2037-12-31,36.0062991415931,Quebec,Commercial
2038-12-31,36.1248110502615,Quebec,Commercial
2039-12-31,36.24425185911694,Quebec,Commercial
2040-12-31,36.36444760452015,Quebec,Commercial
2041-12-31,36.484400457294946,Quebec,Commercial
2042-12-31,36.6045918262544,Quebec,Commercial
2043-12-31,36.725178169262755,Quebec,Commercial
2044-12-31,36.84611353366059,Quebec,Commercial
2045-12-31,36.967309296461856,Quebec,Commercial
2046-12-31,37.08868449345709,Quebec,Commercial
2047-12-31,37.21030258308073,Quebec,Commercial
2048-12-31,37.33217669466406,Quebec,Commercial
2049-12-31,37.45424993443824,Quebec,Commercial
2050-12-31,37.57651136129389,Quebec,Commercial
2051-12-31,37.698945657677875,Quebec,Commercial
2024-12-31,25.266573803690598,Quebec,Industrial
2025-12-31,25.70013173998945,Quebec,Industrial
2026-12-31,26.162574400297203,Quebec,Industrial
2027-12-31,26.659081888807332,Quebec,Industrial
2028-12-31,27.194768328497887,Quebec,Industrial
2029-12-31,27.77287142918544,Quebec,Industrial
2030-12-31,28.33377079612474,Quebec,Industrial
2031-12-31,28.923406718729524,Quebec,Industrial
2032-12-31,29.540086836702397,Quebec,Industrial
2033-12-31,30.181565473588535,Quebec,Industrial
2034-12-31,30.844744984958496,Quebec,Industrial
2035-12-31,31.525763733362123,Quebec,Industrial
2036-12-31,32.2314802925081,Quebec,Industrial
2037-12-31,32.96043960296153,Quebec,Industrial
2038-12-31,33.71146326336621,Quebec,Industrial
2039-12-31,34.48365300314021,Quebec,Industrial
2040-12-31,35.2764971784727,Quebec,Industrial
2041-12-31,36.08997379562519,Quebec,Industrial
2042-12-31,36.92270303689967,Quebec,Industrial
2043-12-31,37.77326804251228,Quebec,Industrial
2044-12-31,38.640168607985956,Quebec,Industrial
2045-12-31,39.52179571771649,Quebec,Industrial
2046-12-31,40.41624864967356,Quebec,Industrial
2047-12-31,41.321290987923796,Quebec,Industrial
2048-12-31,42.23447563967055,Quebec,Industrial
2049-12-31,43.153283743075825,Quebec,Industrial
2050-12-31,44.07490009961482,Quebec,Industrial
2051-12-31,44.99644468711248,Quebec,Industrial
2024-12-31,37.49906802666748,Quebec,Residential
2025-12-31,37.99920706463722,Quebec,Residential
2026-12-31,38.528501525100204,Quebec,Residential
2027-12-31,39.094909871896654,Quebec,Residential
2028-12-31,39.704433304385766,Quebec,Residential
2029-12-31,40.35925285144516,Quebec,Residential
2030-12-31,41.0065655073924,Quebec,Residential
2031-12-31,41.68703303742738,Quebec,Residential
2032-12-31,42.400489640220115,Quebec,Residential
2033-12-31,43.14575448678617,Quebec,Residential
2034-12-31,43.92091883986305,Quebec,Residential
2035-12-31,44.72373966357167,Quebec,Residential
2036-12-31,45.56047292516856,Quebec,Residential
2037-12-31,46.43103909393443,Quebec,Residential
2038-12-31,47.33544356178246,Quebec,Residential
2039-12-31,48.273906049174364,Quebec,Residential
2040-12-31,49.247003490819424,Quebec,Residential
2041-12-31,50.255563545389364,Quebec,Residential
2042-12-31,51.299405583792975,Quebec,Residential
2043-12-31,52.378227658892676,Quebec,Residential
2044-12-31,53.49158493785187,Quebec,Residential
2045-12-31,54.638765688132004,Quebec,Residential
2046-12-31,55.81868343922915,Quebec,Residential
2047-12-31,57.029782624193494,Quebec,Residential
2048-12-31,58.270173377458654,Quebec,Residential
2049-12-31,59.53745629766359,Quebec,Residential
2050-12-31,60.82890307674382,Quebec,Residential
2051-12-31,62.141256999144154,Quebec,Residential
2024-12-31,56.16937903994784,Saskatchewan,Commercial
2025-12-31,56.5349968660602,Saskatchewan,Commercial
2026-12-31,56.96956935090756,Saskatchewan,Commercial
2027-12-31,57.459162622374706,Saskatchewan,Commercial
2028-12-31,57.992681919203484,Saskatchewan,Commercial
2029-12-31,58.55661543729508,Saskatchewan,Commercial
2030-12-31,58.98878213444888,Saskatchewan,Commercial
2031-12-31,59.442302659446476,Saskatchewan,Commercial
2032-12-31,59.89911250118532,Saskatchewan,Commercial
2033-12-31,60.34713207303565,Saskatchewan,Commercial
2034-12-31,60.777585174042805,Saskatchewan,Commercial
2035-12-31,61.184303983593594,Saskatchewan,Commercial
2036-12-31,61.58718760176857,Saskatchewan,Commercial
2037-12-31,61.98007383552807,Saskatchewan,Commercial
2038-12-31,62.36056252475209,Saskatchewan,Commercial
2039-12-31,62.72847077330019,Saskatchewan,Commercial
2040-12-31,63.084949419963785,Saskatchewan,Commercial
2041-12-31,63.4321031772514,Saskatchewan,Commercial
2042-12-31,63.76872493063608,Saskatchewan,Commercial
2043-12-31,64.09482030769139,Saskatchewan,Commercial
2044-12-31,64.41087327974282,Saskatchewan,Commercial
2045-12-31,64.71729747344645,Saskatchewan,Commercial
2046-12-31,65.01443335700218,Saskatchewan,Commercial
2047-12-31,65.3022584201158,Saskatchewan,Commercial
2048-12-31,65.58108499311949,Saskatchewan,Commercial
2049-12-31,65.85115506167595,Saskatchewan,Commercial
2050-12-31,66.1127049838744,Saskatchewan,Commercial
2051-12-31,66.36599081431146,Saskatchewan,Commercial
2024-12-31,45.008985137333624,Saskatchewan,Industrial
2025-12-31,45.40506924232672,Saskatchewan,Industrial
2026-12-31,45.87707063350228,Saskatchewan,Industrial
2027-12-31,46.411539851631304,Saskatchewan,Industrial
2028-12-31,46.99845153481604,Saskatchewan,Industrial
2029-12-31,47.62747851770808,Saskatchewan,Industrial
2030-12-31,48.1172259517831,Saskatchewan,Industrial
2031-12-31,48.63329064675665,Saskatchewan,Industrial
2032-12-31,49.157358620508454,Saskatchewan,Industrial
2033-12-31,49.67654560936258,Saskatchewan,Industrial
2034-12-31,50.18092776712742,Saskatchewan,Industrial
2035-12-31,50.66256217571486,Saskatchewan,Industrial
2036-12-31,51.14334879097268,Saskatchewan,Industrial
2037-12-31,51.61664244965066,Saskatchewan,Industrial
2038-12-31,52.07956230062875,Saskatchewan,Industrial
2039-12-31,52.53152394267975,Saskatchewan,Industrial
2040-12-31,52.97356173853913,Saskatchewan,Industrial
2041-12-31,53.407813005371196,Saskatchewan,Industrial
2042-12-31,53.832889447302854,Saskatchewan,Industrial
2043-12-31,54.24858254558638,Saskatchewan,Industrial
2044-12-31,54.655106306304965,Saskatchewan,Industrial
2045-12-31,55.05284209927355,Saskatchewan,Industrial
2046-12-31,55.44195454455614,Saskatchewan,Industrial
2047-12-31,55.82229274042741,Saskatchewan,Industrial
2048-12-31,56.19400484494494,Saskatchewan,Industrial
2049-12-31,56.55721706682448,Saskatchewan,Industrial
2050-12-31,56.91208030779136,Saskatchewan,Industrial
2051-12-31,57.25868785254852,Saskatchewan,Industrial
2024-12-31,78.55531902235937,Saskatchewan,Residential
2025-12-31,78.99628628933309,Saskatchewan,Residential
2026-12-31,79.53118735994542,Saskatchewan,Residential
2027-12-31,80.13936013992287,Saskatchewan,Residential
2028-12-31,80.80504197582215,Saskatchewan,Residential
2029-12-31,81.50881982291715,Saskatchewan,Residential
2030-12-31,82.01481683146783,Saskatchewan,Residential
2031-12-31,82.54486244186774,Saskatchewan,Residential
2032-12-31,83.07419116819644,Saskatchewan,Residential
2033-12-31,83.58623111364193,Saskatchewan,Residential
2034-12-31,84.06896237534139,Saskatchewan,Residential
2035-12-31,84.5141649758156,Saskatchewan,Residential
2036-12-31,84.95003928724041,Saskatchewan,Residential
2037-12-31,85.36871717707952,Saskatchewan,Residential
2038-12-31,85.7673882838513,Saskatchewan,Residential
2039-12-31,86.1461669571622,Saskatchewan,Residential
2040-12-31,86.50694876164224,Saskatchewan,Residential
2041-12-31,86.85301025332247,Saskatchewan,Residential
2042-12-31,87.18314196521155,Saskatchewan,Residential
2043-12-31,87.4977705093028,Saskatchewan,Residential
2044-12-31,87.79773591539745,Saskatchewan,Residential
2045-12-31,88.08393099003821,Saskatchewan,Residential
2046-12-31,88.35713419016128,Saskatchewan,Residential
2047-12-31,88.6174994479292,Saskatchewan,Residential
2048-12-31,88.86576563772213,Saskatchewan,Residential
2049-12-31,89.10248251726341,Saskatchewan,Residential
2050-12-31,89.32815586365848,Saskatchewan,Residential
2051-12-31,89.54325626951851,Saskatchewan,Residential
2024-12-31,66.36113247188175,Yukon,Commercial
2025-12-31,66.94053066972052,Yukon,Commercial
2026-12-31,67.64061845788976,Yukon,Commercial
2027-12-31,68.44312220447628,Yukon,Commercial
2028-12-31,69.33328121401775,Yukon,Commercial
2029-12-31,70.29997951942644,Yukon,Commercial
2030-12-31,71.00738403163952,Yukon,Commercial
2031-12-31,71.75373078505235,Yukon,Commercial
2032-12-31,72.50993012090433,Yukon,Commercial
2033-12-31,73.25386371874743,Yukon,Commercial
2034-12-31,73.96764423334156,Yukon,Commercial
2035-12-31,74.63540209924507,Yukon,Commercial
2036-12-31,75.29777012992126,Yukon,Commercial
2037-12-31,75.9439686549155,Yukon,Commercial
2038-12-31,76.5689623138299,Yukon,Commercial
2039-12-31,77.17175130586345,Yukon,Commercial
2040-12-31,77.75425797528356,Yukon,Commercial
2041-12-31,78.32113594036409,Yukon,Commercial
2042-12-31,78.87012201565544,Yukon,Commercial
2043-12-31,79.4010298746447,Yukon,Commercial
2044-12-31,79.91459573428536,Yukon,Commercial
2045-12-31,80.41174213804379,Yukon,Commercial
2046-12-31,80.89316894648071,Yukon,Commercial
2047-12-31,81.3587034667305,Yukon,Commercial
2048-12-31,81.80892285652831,Yukon,Commercial
2049-12-31,82.24437246176558,Yukon,Commercial
2050-12-31,82.66542948001724,Yukon,Commercial
2051-12-31,83.0724983761528,Yukon,Commercial
2024-12-31,59.66689708928498,Yukon,Industrial
2025-12-31,60.228766585851254,Yukon,Industrial
2026-12-31,60.92060404036027,Yukon,Industrial
2027-12-31,61.719653540098896,Yukon,Industrial
2028-12-31,62.60924004834776,Yukon,Industrial
2029-12-31,63.579152689057864,Yukon,Industrial
2030-12-31,64.28546021675312,Yukon,Industrial
2031-12-31,65.03785665017432,Yukon,Industrial
2032-12-31,65.80380585749943,Yukon,Industrial
2033-12-31,66.55963893330235,Yukon,Industrial
2034-12-31,67.28657062185741,Yukon,Industrial
2035-12-31,67.9679904849862,Yukon,Industrial
2036-12-31,68.64739487363549,Yukon,Industrial
2037-12-31,69.31232057595975,Yukon,Industrial
2038-12-31,69.95725518312608,Yukon,Industrial
2039-12-31,70.58100577541055,Yukon,Industrial
2040-12-31,71.18557921415385,Yukon,Industrial
2041-12-31,71.77593666730553,Yukon,Industrial
2042-12-31,72.34933915672678,Yukon,Industrial
2043-12-31,72.90530004007535,Yukon,Industrial
2044-12-31,73.44461172612093,Yukon,Industrial
2045-12-31,73.96812691560486,Yukon,Industrial
2046-12-31,74.47647436765963,Yukon,Industrial
2047-12-31,74.96943014067642,Yukon,Industrial
2048-12-31,75.44729138794388,Yukon,Industrial
2049-12-31,75.91061365691468,Yukon,Industrial
2050-12-31,76.35978023226549,Yukon,Industrial
2051-12-31,76.79509688042376,Yukon,Industrial
2024-12-31,85.29236320701361,Yukon,Residential
2025-12-31,86.0129498567554,Yukon,Residential
2026-12-31,86.86464780254613,Yukon,Residential
2027-12-31,87.82295036982093,Yukon,Residential
2028-12-31,88.86996780357282,Yukon,Residential
2029-12-31,89.99027628154928,Yukon,Residential
2030-12-31,90.82688506738991,Yukon,Residential
2031-12-31,91.68974429452895,Yukon,Residential
2032-12-31,92.55027849935661,Yukon,Residential
2033-12-31,93.38752725345971,Yukon,Residential
2034-12-31,94.18497467865163,Yukon,Residential
2035-12-31,94.92888200672874,Yukon,Residential
2036-12-31,95.65559238947752,Yukon,Residential
2037-12-31,96.35649854733107,Yukon,Residential
2038-12-31,97.0281657882385,Yukon,Residential
2039-12-31,97.67024183609203,Yukon,Residential
2040-12-31,98.28479924865913,Yukon,Residential
2041-12-31,98.87591855752162,Yukon,Residential
2042-12-31,99.44256054816155,Yukon,Residential
2043-12-31,99.98515969444519,Yukon,Residential
2044-12-31,100.50475521089048,Yukon,Residential
2045-12-31,101.00248025231083,Yukon,Residential
2046-12-31,101.47930357800261,Yukon,Residential
2047-12-31,101.93573598832215,Yukon,Residential
2048-12-31,102.37264055973348,Yukon,Residential
2049-12-31,102.79071597318374,Yukon,Residential
2050-12-31,103.19075484991542,Yukon,Residential
2051-12-31,103.5734793559495,Yukon,Residential
